gap_type,count_index_from,count_index_to,p_from,p_to,anchor_delta,missing_indices,host,gap_d1,gap_d2,verify_ok
anchor_enumeration,1,2,5,11,6,,,,,True
anchor_enumeration,2,3,11,101,90,,,,,True
anchor_enumeration,3,4,101,191,90,,,,,True
anchor_enumeration,4,5,191,821,630,,,,,True
anchor_enumeration,5,6,821,1481,660,,,,,True
anchor_enumeration,6,7,1481,1871,390,,,,,True
anchor_enumeration,7,8,1871,2081,210,,,,,True
anchor_enumeration,8,9,2081,3251,1170,,,,,True
anchor_enumeration,9,10,3251,3461,210,,,,,True
anchor_enumeration,10,11,3461,5651,2190,,,,,True
anchor_enumeration,11,12,5651,9431,3780,,,,,True
anchor_enumeration,12,13,9431,13001,3570,,,,,True
anchor_enumeration,13,14,13001,15641,2640,,,,,True
anchor_enumeration,14,15,15641,15731,90,,,,,True
anchor_enumeration,15,16,15731,16061,330,,,,,True
anchor_enumeration,16,17,16061,18041,1980,,,,,True
anchor_enumeration,17,18,18041,18911,870,,,,,True
anchor_enumeration,18,19,18911,19421,510,,,,,True
anchor_enumeration,19,20,19421,21011,1590,,,,,True
anchor_enumeration,20,21,21011,22271,1260,,,,,True
anchor_enumeration,21,22,22271,25301,3030,,,,,True
anchor_enumeration,22,23,25301,31721,6420,,,,,True
anchor_enumeration,23,24,31721,34841,3120,,,,,True
anchor_enumeration,24,25,34841,43781,8940,,,,,True
anchor_enumeration,25,26,43781,51341,7560,,,,,True
anchor_enumeration,26,27,51341,55331,3990,,,,,True
anchor_enumeration,27,28,55331,62981,7650,,,,,True
anchor_enumeration,28,29,62981,67211,4230,,,,,True
anchor_enumeration,29,30,67211,69491,2280,,,,,True
anchor_enumeration,30,31,69491,72221,2730,,,,,True
anchor_enumeration,31,32,72221,77261,5040,,,,,True
anchor_enumeration,32,33,77261,79691,2430,,,,,True
anchor_enumeration,33,34,79691,81041,1350,,,,,True
anchor_enumeration,34,35,81041,82721,1680,,,,,True
anchor_enumeration,35,36,82721,88811,6090,,,,,True
anchor_enumeration,36,37,88811,97841,9030,,,,,True
anchor_enumeration,37,38,97841,99131,1290,,,,,True
anchor_enumeration,38,39,99131,101111,1980,,,,,True
anchor_enumeration,39,40,101111,109841,8730,,,,,True
anchor_enumeration,40,41,109841,116531,6690,,,,,True
anchor_enumeration,41,42,116531,119291,2760,,,,,True
anchor_enumeration,42,43,119291,122201,2910,,,,,True
anchor_enumeration,43,44,122201,135461,13260,,,,,True
anchor_enumeration,44,45,135461,144161,8700,,,,,True
anchor_enumeration,45,46,144161,157271,13110,,,,,True
anchor_enumeration,46,47,157271,165701,8430,,,,,True
anchor_enumeration,47,48,165701,166841,1140,,,,,True
anchor_enumeration,48,49,166841,171161,4320,,,,,True
anchor_enumeration,49,50,171161,187631,16470,,,,,True
anchor_enumeration,50,51,187631,194861,7230,,,,,True
anchor_enumeration,51,52,194861,195731,870,,,,,True
anchor_enumeration,52,53,195731,201491,5760,,,,,True
anchor_enumeration,53,54,201491,201821,330,,,,,True
anchor_enumeration,54,55,201821,217361,15540,,,,,True
anchor_enumeration,55,56,217361,225341,7980,,,,,True
anchor_enumeration,56,57,225341,240041,14700,,,,,True
anchor_enumeration,57,58,240041,243701,3660,,,,,True
anchor_enumeration,58,59,243701,247601,3900,,,,,True
anchor_enumeration,59,60,247601,247991,390,,,,,True
anchor_enumeration,60,61,247991,257861,9870,,,,,True
anchor_enumeration,61,62,257861,260411,2550,,,,,True
anchor_enumeration,62,63,260411,266681,6270,,,,,True
anchor_enumeration,63,64,266681,268811,2130,,,,,True
anchor_enumeration,64,65,268811,276041,7230,,,,,True
anchor_enumeration,65,66,276041,284741,8700,,,,,True
anchor_enumeration,66,67,284741,285281,540,,,,,True
anchor_enumeration,67,68,285281,294311,9030,,,,,True
anchor_enumeration,68,69,294311,295871,1560,,,,,True
anchor_enumeration,69,70,295871,299471,3600,,,,,True
anchor_enumeration,70,71,299471,300491,1020,,,,,True
anchor_enumeration,71,72,300491,301991,1500,,,,,True
anchor_enumeration,72,73,301991,326141,24150,,,,,True
anchor_enumeration,73,74,326141,334421,8280,,,,,True
anchor_enumeration,74,75,334421,340931,6510,,,,,True
anchor_enumeration,75,76,340931,346391,5460,,,,,True
anchor_enumeration,76,77,346391,347981,1590,,,,,True
anchor_enumeration,77,78,347981,354251,6270,,,,,True
anchor_enumeration,78,79,354251,358901,4650,,,,,True
anchor_enumeration,79,80,358901,361211,2310,,,,,True
anchor_enumeration,80,81,361211,375251,14040,,,,,True
anchor_enumeration,81,82,375251,388691,13440,,,,,True
anchor_enumeration,82,83,388691,389561,870,,,,,True
anchor_enumeration,83,84,389561,392261,2700,,,,,True
anchor_enumeration,84,85,392261,394811,2550,,,,,True
anchor_enumeration,85,86,394811,397541,2730,,,,,True
anchor_enumeration,86,87,397541,397751,210,,,,,True
anchor_enumeration,87,88,397751,402131,4380,,,,,True
anchor_enumeration,88,89,402131,402761,630,,,,,True
anchor_enumeration,89,90,402761,412031,9270,,,,,True
anchor_enumeration,90,91,412031,419051,7020,,,,,True
anchor_enumeration,91,92,419051,420851,1800,,,,,True
anchor_enumeration,92,93,420851,427241,6390,,,,,True
anchor_enumeration,93,94,427241,442571,15330,,,,,True
anchor_enumeration,94,95,442571,444341,1770,,,,,True
anchor_enumeration,95,96,444341,452531,8190,,,,,True
anchor_enumeration,96,97,452531,463451,10920,,,,,True
anchor_enumeration,97,98,463451,465161,1710,,,,,True
anchor_enumeration,98,99,465161,467471,2310,,,,,True
anchor_enumeration,99,100,467471,470081,2610,,,,,True
anchor_enumeration,100,101,470081,477011,6930,,,,,True
anchor_enumeration,101,102,477011,490571,13560,,,,,True
anchor_enumeration,102,103,490571,495611,5040,,,,,True
anchor_enumeration,103,104,495611,500231,4620,,,,,True
anchor_enumeration,104,105,500231,510611,10380,,,,,True
anchor_enumeration,105,106,510611,518801,8190,,,,,True
anchor_enumeration,106,107,518801,536441,17640,,,,,True
anchor_enumeration,107,108,536441,536771,330,,,,,True
anchor_enumeration,108,109,536771,539501,2730,,,,,True
anchor_enumeration,109,110,539501,549161,9660,,,,,True
anchor_enumeration,110,111,549161,559211,10050,,,,,True
anchor_enumeration,111,112,559211,563411,4200,,,,,True
anchor_enumeration,112,113,563411,570041,6630,,,,,True
anchor_enumeration,113,114,570041,572651,2610,,,,,True
anchor_enumeration,114,115,572651,585911,13260,,,,,True
anchor_enumeration,115,116,585911,594821,8910,,,,,True
anchor_enumeration,116,117,594821,597671,2850,,,,,True
anchor_enumeration,117,118,597671,607301,9630,,,,,True
anchor_enumeration,118,119,607301,622241,14940,,,,,True
anchor_enumeration,119,120,622241,626621,4380,,,,,True
anchor_enumeration,120,121,626621,632081,5460,,,,,True
anchor_enumeration,121,122,632081,632321,240,,,,,True
anchor_enumeration,122,123,632321,633461,1140,,,,,True
anchor_enumeration,123,124,633461,633791,330,,,,,True
anchor_enumeration,124,125,633791,654161,20370,,,,,True
anchor_enumeration,125,126,654161,657491,3330,,,,,True
anchor_enumeration,126,127,657491,661091,3600,,,,,True
anchor_enumeration,127,128,661091,663581,2490,,,,,True
anchor_enumeration,128,129,663581,664661,1080,,,,,True
anchor_enumeration,129,130,664661,666431,1770,,,,,True
anchor_enumeration,130,131,666431,680291,13860,,,,,True
anchor_enumeration,131,132,680291,681251,960,,,,,True
anchor_enumeration,132,133,681251,691721,10470,,,,,True
anchor_enumeration,133,134,691721,705161,13440,,,,,True
anchor_enumeration,134,135,705161,715151,9990,,,,,True
anchor_enumeration,135,136,715151,734471,19320,,,,,True
anchor_enumeration,136,137,734471,736361,1890,,,,,True
anchor_enumeration,137,138,736361,739391,3030,,,,,True
anchor_enumeration,138,139,739391,768191,28800,,,,,True
anchor_enumeration,139,140,768191,773021,4830,,,,,True
anchor_enumeration,140,141,773021,795791,22770,,,,,True
anchor_enumeration,141,142,795791,803441,7650,,,,,True
anchor_enumeration,142,143,803441,814061,10620,,,,,True
anchor_enumeration,143,144,814061,822161,8100,,,,,True
anchor_enumeration,144,145,822161,823721,1560,,,,,True
anchor_enumeration,145,146,823721,829721,6000,,,,,True
anchor_enumeration,146,147,829721,833711,3990,,,,,True
anchor_enumeration,147,148,833711,837071,3360,,,,,True
anchor_enumeration,148,149,837071,845981,8910,,,,,True
anchor_enumeration,149,150,845981,854921,8940,,,,,True
anchor_enumeration,150,151,854921,855731,810,,,,,True
anchor_enumeration,151,152,855731,857951,2220,,,,,True
anchor_enumeration,152,153,857951,875261,17310,,,,,True
anchor_enumeration,153,154,875261,876011,750,,,,,True
anchor_enumeration,154,155,876011,881471,5460,,,,,True
anchor_enumeration,155,156,881471,889871,8400,,,,,True
anchor_enumeration,156,157,889871,907391,17520,,,,,True
anchor_enumeration,157,158,907391,930071,22680,,,,,True
anchor_enumeration,158,159,930071,938051,7980,,,,,True
anchor_enumeration,159,160,938051,946661,8610,,,,,True
anchor_enumeration,160,161,946661,954971,8310,,,,,True
anchor_enumeration,161,162,954971,958541,3570,,,,,True
anchor_enumeration,162,163,958541,959471,930,,,,,True
anchor_enumeration,163,164,959471,976301,16830,,,,,True
anchor_enumeration,164,165,976301,978071,1770,,,,,True
anchor_enumeration,165,166,978071,983441,5370,,,,,True
anchor_enumeration,166,167,983441,1002341,18900,,,,,True
anchor_enumeration,167,168,1002341,1003361,1020,,,,,True
anchor_enumeration,168,169,1003361,1006301,2940,,,,,True
anchor_enumeration,169,170,1006301,1006331,30,,,,,True
anchor_enumeration,170,171,1006331,1008851,2520,,,,,True
anchor_enumeration,171,172,1008851,1015361,6510,,,,,True
anchor_enumeration,172,173,1015361,1022381,7020,,,,,True
anchor_enumeration,173,174,1022381,1022501,120,,,,,True
anchor_enumeration,174,175,1022501,1023941,1440,,,,,True
anchor_enumeration,175,176,1023941,1027751,3810,,,,,True
anchor_enumeration,176,177,1027751,1043591,15840,,,,,True
anchor_enumeration,177,178,1043591,1063961,20370,,,,,True
anchor_enumeration,178,179,1063961,1065011,1050,,,,,True
anchor_enumeration,179,180,1065011,1068251,3240,,,,,True
anchor_enumeration,180,181,1068251,1068701,450,,,,,True
anchor_enumeration,181,182,1068701,1091261,22560,,,,,True
anchor_enumeration,182,183,1091261,1093061,1800,,,,,True
anchor_enumeration,183,184,1093061,1093991,930,,,,,True
anchor_enumeration,184,185,1093991,1100831,6840,,,,,True
anchor_enumeration,185,186,1100831,1117601,16770,,,,,True
anchor_enumeration,186,187,1117601,1117811,210,,,,,True
anchor_enumeration,187,188,1117811,1118861,1050,,,,,True
anchor_enumeration,188,189,1118861,1120541,1680,,,,,True
anchor_enumeration,189,190,1120541,1121831,1290,,,,,True
anchor_enumeration,190,191,1121831,1122131,300,,,,,True
anchor_enumeration,191,192,1122131,1126661,4530,,,,,True
anchor_enumeration,192,193,1126661,1137881,11220,,,,,True
anchor_enumeration,193,194,1137881,1146791,8910,,,,,True
anchor_enumeration,194,195,1146791,1155611,8820,,,,,True
anchor_enumeration,195,196,1155611,1156031,420,,,,,True
anchor_enumeration,196,197,1156031,1157831,1800,,,,,True
anchor_enumeration,197,198,1157831,1163711,5880,,,,,True
anchor_enumeration,198,199,1163711,1167701,3990,,,,,True
anchor_enumeration,199,200,1167701,1168241,540,,,,,True
anchor_enumeration,200,201,1168241,1170131,1890,,,,,True
anchor_enumeration,201,202,1170131,1172021,1890,,,,,True
anchor_enumeration,202,203,1172021,1172531,510,,,,,True
anchor_enumeration,203,204,1172531,1173581,1050,,,,,True
anchor_enumeration,204,205,1173581,1182281,8700,,,,,True
anchor_enumeration,205,206,1182281,1210871,28590,,,,,True
anchor_enumeration,206,207,1210871,1228391,17520,,,,,True
anchor_enumeration,207,208,1228391,1230371,1980,,,,,True
anchor_enumeration,208,209,1230371,1233431,3060,,,,,True
anchor_enumeration,209,210,1233431,1246241,12810,,,,,True
anchor_enumeration,210,211,1246241,1246361,120,,,,,True
anchor_enumeration,211,212,1246361,1257071,10710,,,,,True
anchor_enumeration,212,213,1257071,1272281,15210,,,,,True
anchor_enumeration,213,214,1272281,1285511,13230,,,,,True
anchor_enumeration,214,215,1285511,1298111,12600,,,,,True
anchor_enumeration,215,216,1298111,1322171,24060,,,,,True
anchor_enumeration,216,217,1322171,1322591,420,,,,,True
anchor_enumeration,217,218,1322591,1324571,1980,,,,,True
anchor_enumeration,218,219,1324571,1329701,5130,,,,,True
anchor_enumeration,219,220,1329701,1337261,7560,,,,,True
anchor_enumeration,220,221,1337261,1339901,2640,,,,,True
anchor_enumeration,221,222,1339901,1340321,420,,,,,True
anchor_enumeration,222,223,1340321,1351241,10920,,,,,True
anchor_enumeration,223,224,1351241,1352201,960,,,,,True
anchor_enumeration,224,225,1352201,1358801,6600,,,,,True
anchor_enumeration,225,226,1358801,1360781,1980,,,,,True
anchor_enumeration,226,227,1360781,1368461,7680,,,,,True
anchor_enumeration,227,228,1368461,1381271,12810,,,,,True
anchor_enumeration,228,229,1381271,1400801,19530,,,,,True
anchor_enumeration,229,230,1400801,1402361,1560,,,,,True
anchor_enumeration,230,231,1402361,1410971,8610,,,,,True
anchor_enumeration,231,232,1410971,1440581,29610,,,,,True
anchor_enumeration,232,233,1440581,1447001,6420,,,,,True
anchor_enumeration,233,234,1447001,1451831,4830,,,,,True
anchor_enumeration,234,235,1451831,1461401,9570,,,,,True
anchor_enumeration,235,236,1461401,1468631,7230,,,,,True
anchor_enumeration,236,237,1468631,1508621,39990,,,,,True
anchor_enumeration,237,238,1508621,1514321,5700,,,,,True
anchor_enumeration,238,239,1514321,1524071,9750,,,,,True
anchor_enumeration,239,240,1524071,1525961,1890,,,,,True
anchor_enumeration,240,241,1525961,1540961,15000,,,,,True
anchor_enumeration,241,242,1540961,1571741,30780,,,,,True
anchor_enumeration,242,243,1571741,1573541,1800,,,,,True
anchor_enumeration,243,244,1573541,1573931,390,,,,,True
anchor_enumeration,244,245,1573931,1577291,3360,,,,,True
anchor_enumeration,245,246,1577291,1584431,7140,,,,,True
anchor_enumeration,246,247,1584431,1588751,4320,,,,,True
anchor_enumeration,247,248,1588751,1592861,4110,,,,,True
anchor_enumeration,248,249,1592861,1603331,10470,,,,,True
anchor_enumeration,249,250,1603331,1615841,12510,,,,,True
anchor_enumeration,250,251,1615841,1616801,960,,,,,True
anchor_enumeration,251,252,1616801,1621721,4920,,,,,True
anchor_enumeration,252,253,1621721,1627601,5880,,,,,True
anchor_enumeration,253,254,1627601,1631051,3450,,,,,True
anchor_enumeration,254,255,1631051,1653101,22050,,,,,True
anchor_enumeration,255,256,1653101,1659101,6000,,,,,True
anchor_enumeration,256,257,1659101,1670561,11460,,,,,True
anchor_enumeration,257,258,1670561,1678751,8190,,,,,True
anchor_enumeration,258,259,1678751,1681871,3120,,,,,True
anchor_enumeration,259,260,1681871,1685441,3570,,,,,True
anchor_enumeration,260,261,1685441,1691861,6420,,,,,True
anchor_enumeration,261,262,1691861,1711811,19950,,,,,True
anchor_enumeration,262,263,1711811,1718861,7050,,,,,True
anchor_enumeration,263,264,1718861,1727771,8910,,,,,True
anchor_enumeration,264,265,1727771,1747721,19950,,,,,True
anchor_enumeration,265,266,1747721,1748471,750,,,,,True
anchor_enumeration,266,267,1748471,1749491,1020,,,,,True
anchor_enumeration,267,268,1749491,1755821,6330,,,,,True
anchor_enumeration,268,269,1755821,1764221,8400,,,,,True
anchor_enumeration,269,270,1764221,1780481,16260,,,,,True
anchor_enumeration,270,271,1780481,1791731,11250,,,,,True
anchor_enumeration,271,272,1791731,1797371,5640,,,,,True
anchor_enumeration,272,273,1797371,1798631,1260,,,,,True
anchor_enumeration,273,274,1798631,1802651,4020,,,,,True
anchor_enumeration,274,275,1802651,1819841,17190,,,,,True
anchor_enumeration,275,276,1819841,1830341,10500,,,,,True
anchor_enumeration,276,277,1830341,1833521,3180,,,,,True
anchor_enumeration,277,278,1833521,1834031,510,,,,,True
anchor_enumeration,278,279,1834031,1837391,3360,,,,,True
anchor_enumeration,279,280,1837391,1857671,20280,,,,,True
anchor_enumeration,280,281,1857671,1890521,32850,,,,,True
anchor_enumeration,281,282,1890521,1902611,12090,,,,,True
anchor_enumeration,282,283,1902611,1904471,1860,,,,,True
anchor_enumeration,283,284,1904471,1910261,5790,,,,,True
anchor_enumeration,284,285,1910261,1912061,1800,,,,,True
anchor_enumeration,285,286,1912061,1912451,390,,,,,True
anchor_enumeration,286,287,1912451,1915931,3480,,,,,True
anchor_enumeration,287,288,1915931,1917731,1800,,,,,True
anchor_enumeration,288,289,1917731,1925381,7650,,,,,True
anchor_enumeration,289,290,1925381,1943651,18270,,,,,True
anchor_enumeration,290,291,1943651,1954151,10500,,,,,True
anchor_enumeration,291,292,1954151,1954361,210,,,,,True
anchor_enumeration,292,293,1954361,1959311,4950,,,,,True
anchor_enumeration,293,294,1959311,1979141,19830,,,,,True
anchor_enumeration,294,295,1979141,1979891,750,,,,,True
anchor_enumeration,295,296,1979891,2002331,22440,,,,,True
anchor_enumeration,296,297,2002331,2007611,5280,,,,,True
anchor_enumeration,297,298,2007611,2007911,300,,,,,True
anchor_enumeration,298,299,2007911,2016401,8490,,,,,True
anchor_enumeration,299,300,2016401,2020721,4320,,,,,True
anchor_enumeration,300,301,2020721,2050331,29610,,,,,True
anchor_enumeration,301,302,2050331,2062001,11670,,,,,True
anchor_enumeration,302,303,2062001,2063771,1770,,,,,True
anchor_enumeration,303,304,2063771,2065571,1800,,,,,True
anchor_enumeration,304,305,2065571,2075831,10260,,,,,True
anchor_enumeration,305,306,2075831,2079191,3360,,,,,True
anchor_enumeration,306,307,2079191,2083511,4320,,,,,True
anchor_enumeration,307,308,2083511,2084441,930,,,,,True
anchor_enumeration,308,309,2084441,2087381,2940,,,,,True
anchor_enumeration,309,310,2087381,2107661,20280,,,,,True
anchor_enumeration,310,311,2107661,2116571,8910,,,,,True
anchor_enumeration,311,312,2116571,2136131,19560,,,,,True
anchor_enumeration,312,313,2136131,2141801,5670,,,,,True
anchor_enumeration,313,314,2141801,2143481,1680,,,,,True
anchor_enumeration,314,315,2143481,2144501,1020,,,,,True
anchor_enumeration,315,316,2144501,2157731,13230,,,,,True
anchor_enumeration,316,317,2157731,2159231,1500,,,,,True
anchor_enumeration,317,318,2159231,2168651,9420,,,,,True
anchor_enumeration,318,319,2168651,2176631,7980,,,,,True
anchor_enumeration,319,320,2176631,2177501,870,,,,,True
anchor_enumeration,320,321,2177501,2193881,16380,,,,,True
anchor_enumeration,321,322,2193881,2202791,8910,,,,,True
anchor_enumeration,322,323,2202791,2203961,1170,,,,,True
anchor_enumeration,323,324,2203961,2223671,19710,,,,,True
anchor_enumeration,324,325,2223671,2225051,1380,,,,,True
anchor_enumeration,325,326,2225051,2246141,21090,,,,,True
anchor_enumeration,326,327,2246141,2248241,2100,,,,,True
anchor_enumeration,327,328,2248241,2256341,8100,,,,,True
anchor_enumeration,328,329,2256341,2262971,6630,,,,,True
anchor_enumeration,329,330,2262971,2266631,3660,,,,,True
anchor_enumeration,330,331,2266631,2289641,23010,,,,,True
anchor_enumeration,331,332,2289641,2290031,390,,,,,True
anchor_enumeration,332,333,2290031,2294051,4020,,,,,True
anchor_enumeration,333,334,2294051,2303591,9540,,,,,True
anchor_enumeration,334,335,2303591,2340251,36660,,,,,True
anchor_enumeration,335,336,2340251,2342771,2520,,,,,True
anchor_enumeration,336,337,2342771,2362271,19500,,,,,True
anchor_enumeration,337,338,2362271,2373401,11130,,,,,True
anchor_enumeration,338,339,2373401,2376161,2760,,,,,True
anchor_enumeration,339,340,2376161,2381081,4920,,,,,True
anchor_enumeration,340,341,2381081,2403881,22800,,,,,True
anchor_enumeration,341,342,2403881,2413421,9540,,,,,True
anchor_enumeration,342,343,2413421,2418671,5250,,,,,True
anchor_enumeration,343,344,2418671,2423411,4740,,,,,True
anchor_enumeration,344,345,2423411,2443781,20370,,,,,True
anchor_enumeration,345,346,2443781,2458661,14880,,,,,True
anchor_enumeration,346,347,2458661,2470331,11670,,,,,True
anchor_enumeration,347,348,2470331,2478521,8190,,,,,True
anchor_enumeration,348,349,2478521,2479661,1140,,,,,True
anchor_enumeration,349,350,2479661,2499941,20280,,,,,True
anchor_enumeration,350,351,2499941,2508041,8100,,,,,True
anchor_enumeration,351,352,2508041,2535101,27060,,,,,True
anchor_enumeration,352,353,2535101,2541941,6840,,,,,True
anchor_enumeration,353,354,2541941,2546231,4290,,,,,True
anchor_enumeration,354,355,2546231,2552111,5880,,,,,True
anchor_enumeration,355,356,2552111,2552651,540,,,,,True
anchor_enumeration,356,357,2552651,2561261,8610,,,,,True
anchor_enumeration,357,358,2561261,2564321,3060,,,,,True
anchor_enumeration,358,359,2564321,2576591,12270,,,,,True
anchor_enumeration,359,360,2576591,2594951,18360,,,,,True
anchor_enumeration,360,361,2594951,2594981,30,,,,,True
anchor_enumeration,361,362,2594981,2596661,1680,,,,,True
anchor_enumeration,362,363,2596661,2604731,8070,,,,,True
anchor_enumeration,363,364,2604731,2614061,9330,,,,,True
anchor_enumeration,364,365,2614061,2635481,21420,,,,,True
anchor_enumeration,365,366,2635481,2668241,32760,,,,,True
anchor_enumeration,366,367,2668241,2673521,5280,,,,,True
anchor_enumeration,367,368,2673521,2674541,1020,,,,,True
anchor_enumeration,368,369,2674541,2679491,4950,,,,,True
anchor_enumeration,369,370,2679491,2683781,4290,,,,,True
anchor_enumeration,370,371,2683781,2696921,13140,,,,,True
anchor_enumeration,371,372,2696921,2704901,7980,,,,,True
anchor_enumeration,372,373,2704901,2712371,7470,,,,,True
anchor_enumeration,373,374,2712371,2715281,2910,,,,,True
anchor_enumeration,374,375,2715281,2728541,13260,,,,,True
anchor_enumeration,375,376,2728541,2731691,3150,,,,,True
anchor_enumeration,376,377,2731691,2731901,210,,,,,True
anchor_enumeration,377,378,2731901,2759291,27390,,,,,True
anchor_enumeration,378,379,2759291,2761721,2430,,,,,True
anchor_enumeration,379,380,2761721,2764121,2400,,,,,True
anchor_enumeration,380,381,2764121,2790251,26130,,,,,True
anchor_enumeration,381,382,2790251,2805161,14910,,,,,True
anchor_enumeration,382,383,2805161,2822711,17550,,,,,True
anchor_enumeration,383,384,2822711,2839931,17220,,,,,True
anchor_enumeration,384,385,2839931,2840261,330,,,,,True
anchor_enumeration,385,386,2840261,2846861,6600,,,,,True
anchor_enumeration,386,387,2846861,2849681,2820,,,,,True
anchor_enumeration,387,388,2849681,2875331,25650,,,,,True
anchor_enumeration,388,389,2875331,2879291,3960,,,,,True
anchor_enumeration,389,390,2879291,2893481,14190,,,,,True
anchor_enumeration,390,391,2893481,2918561,25080,,,,,True
anchor_enumeration,391,392,2918561,2927591,9030,,,,,True
anchor_enumeration,392,393,2927591,2927801,210,,,,,True
anchor_enumeration,393,394,2927801,2952791,24990,,,,,True
anchor_enumeration,394,395,2952791,2954681,1890,,,,,True
anchor_enumeration,395,396,2954681,2989031,34350,,,,,True
anchor_enumeration,396,397,2989031,2990831,1800,,,,,True
anchor_enumeration,397,398,2990831,3047411,56580,,,,,True
anchor_enumeration,398,399,3047411,3058871,11460,,,,,True
anchor_enumeration,399,400,3058871,3062201,3330,,,,,True
anchor_enumeration,400,401,3062201,3063491,1290,,,,,True
anchor_enumeration,401,402,3063491,3066821,3330,,,,,True
anchor_enumeration,402,403,3066821,3076391,9570,,,,,True
anchor_enumeration,403,404,3076391,3089321,12930,,,,,True
anchor_enumeration,404,405,3089321,3092561,3240,,,,,True
anchor_enumeration,405,406,3092561,3101471,8910,,,,,True
anchor_enumeration,406,407,3101471,3103271,1800,,,,,True
anchor_enumeration,407,408,3103271,3129611,26340,,,,,True
anchor_enumeration,408,409,3129611,3153581,23970,,,,,True
anchor_enumeration,409,410,3153581,3157571,3990,,,,,True
anchor_enumeration,410,411,3157571,3171731,14160,,,,,True
anchor_enumeration,411,412,3171731,3187601,15870,,,,,True
anchor_enumeration,412,413,3187601,3200201,12600,,,,,True
anchor_enumeration,413,414,3200201,3207431,7230,,,,,True
anchor_enumeration,414,415,3207431,3208811,1380,,,,,True
anchor_enumeration,415,416,3208811,3215741,6930,,,,,True
anchor_enumeration,416,417,3215741,3224861,9120,,,,,True
anchor_enumeration,417,418,3224861,3243341,18480,,,,,True
anchor_enumeration,418,419,3243341,3277691,34350,,,,,True
anchor_enumeration,419,420,3277691,3295541,17850,,,,,True
anchor_enumeration,420,421,3295541,3308951,13410,,,,,True
anchor_enumeration,421,422,3308951,3326621,17670,,,,,True
anchor_enumeration,422,423,3326621,3328901,2280,,,,,True
anchor_enumeration,423,424,3328901,3340871,11970,,,,,True
anchor_enumeration,424,425,3340871,3366821,25950,,,,,True
anchor_enumeration,425,426,3366821,3371441,4620,,,,,True
anchor_enumeration,426,427,3371441,3374471,3030,,,,,True
anchor_enumeration,427,428,3374471,3378041,3570,,,,,True
anchor_enumeration,428,429,3378041,3400211,22170,,,,,True
anchor_enumeration,429,430,3400211,3416051,15840,,,,,True
anchor_enumeration,430,431,3416051,3436241,20190,,,,,True
anchor_enumeration,431,432,3436241,3437711,1470,,,,,True
anchor_enumeration,432,433,3437711,3467531,29820,,,,,True
anchor_enumeration,433,434,3467531,3479891,12360,,,,,True
anchor_enumeration,434,435,3479891,3512051,32160,,,,,True
anchor_enumeration,435,436,3512051,3512231,180,,,,,True
anchor_enumeration,436,437,3512231,3512981,750,,,,,True
anchor_enumeration,437,438,3512981,3513071,90,,,,,True
anchor_enumeration,438,439,3513071,3514541,1470,,,,,True
anchor_enumeration,439,440,3514541,3518321,3780,,,,,True
anchor_enumeration,440,441,3518321,3550691,32370,,,,,True
anchor_enumeration,441,442,3550691,3584921,34230,,,,,True
anchor_enumeration,442,443,3584921,3586901,1980,,,,,True
anchor_enumeration,443,444,3586901,3593501,6600,,,,,True
anchor_enumeration,444,445,3593501,3621461,27960,,,,,True
anchor_enumeration,445,446,3621461,3652931,31470,,,,,True
anchor_enumeration,446,447,3652931,3669761,16830,,,,,True
anchor_enumeration,447,448,3669761,3690521,20760,,,,,True
anchor_enumeration,448,449,3690521,3713441,22920,,,,,True
anchor_enumeration,449,450,3713441,3727721,14280,,,,,True
anchor_enumeration,450,451,3727721,3735161,7440,,,,,True
anchor_enumeration,451,452,3735161,3741161,6000,,,,,True
anchor_enumeration,452,453,3741161,3798071,56910,,,,,True
anchor_enumeration,453,454,3798071,3817811,19740,,,,,True
anchor_enumeration,454,455,3817811,3837131,19320,,,,,True
anchor_enumeration,455,456,3837131,3837851,720,,,,,True
anchor_enumeration,456,457,3837851,3849821,11970,,,,,True
anchor_enumeration,457,458,3849821,3854111,4290,,,,,True
anchor_enumeration,458,459,3854111,3894041,39930,,,,,True
anchor_enumeration,459,460,3894041,3919211,25170,,,,,True
anchor_enumeration,460,461,3919211,3919241,30,,,,,True
anchor_enumeration,461,462,3919241,3951551,32310,,,,,True
anchor_enumeration,462,463,3951551,3974351,22800,,,,,True
anchor_enumeration,463,464,3974351,3974681,330,,,,,True
anchor_enumeration,464,465,3974681,3975701,1020,,,,,True
anchor_enumeration,465,466,3975701,3995441,19740,,,,,True
anchor_enumeration,466,467,3995441,3996521,1080,,,,,True
anchor_enumeration,467,468,3996521,4015931,19410,,,,,True
anchor_enumeration,468,469,4015931,4016561,630,,,,,True
anchor_enumeration,469,470,4016561,4032401,15840,,,,,True
anchor_enumeration,470,471,4032401,4039661,7260,,,,,True
anchor_enumeration,471,472,4039661,4042601,2940,,,,,True
anchor_enumeration,472,473,4042601,4058471,15870,,,,,True
anchor_enumeration,473,474,4058471,4059191,720,,,,,True
anchor_enumeration,474,475,4059191,4092701,33510,,,,,True
anchor_enumeration,475,476,4092701,4098461,5760,,,,,True
anchor_enumeration,476,477,4098461,4110341,11880,,,,,True
anchor_enumeration,477,478,4110341,4138241,27900,,,,,True
anchor_enumeration,478,479,4138241,4144961,6720,,,,,True
anchor_enumeration,479,480,4144961,4155911,10950,,,,,True
anchor_enumeration,480,481,4155911,4157891,1980,,,,,True
anchor_enumeration,481,482,4157891,4174601,16710,,,,,True
anchor_enumeration,482,483,4174601,4185911,11310,,,,,True
anchor_enumeration,483,484,4185911,4208621,22710,,,,,True
anchor_enumeration,484,485,4208621,4218281,9660,,,,,True
anchor_enumeration,485,486,4218281,4224371,6090,,,,,True
anchor_enumeration,486,487,4224371,4234421,10050,,,,,True
anchor_enumeration,487,488,4234421,4257521,23100,,,,,True
anchor_enumeration,488,489,4257521,4262171,4650,,,,,True
anchor_enumeration,489,490,4262171,4265081,2910,,,,,True
anchor_enumeration,490,491,4265081,4265711,630,,,,,True
anchor_enumeration,491,492,4265711,4285661,19950,,,,,True
anchor_enumeration,492,493,4285661,4300181,14520,,,,,True
anchor_enumeration,493,494,4300181,4316771,16590,,,,,True
anchor_enumeration,494,495,4316771,4326401,9630,,,,,True
anchor_enumeration,495,496,4326401,4332611,6210,,,,,True
anchor_enumeration,496,497,4332611,4336091,3480,,,,,True
anchor_enumeration,497,498,4336091,4353311,17220,,,,,True
anchor_enumeration,498,499,4353311,4361471,8160,,,,,True
anchor_enumeration,499,500,4361471,4370081,8610,,,,,True
anchor_enumeration,500,501,4370081,4377671,7590,,,,,True
anchor_enumeration,501,502,4377671,4396781,19110,,,,,True
anchor_enumeration,502,503,4396781,4404551,7770,,,,,True
anchor_enumeration,503,504,4404551,4405691,1140,,,,,True
anchor_enumeration,504,505,4405691,4413581,7890,,,,,True
anchor_enumeration,505,506,4413581,4415441,1860,,,,,True
anchor_enumeration,506,507,4415441,4453481,38040,,,,,True
anchor_enumeration,507,508,4453481,4467011,13530,,,,,True
anchor_enumeration,508,509,4467011,4487801,20790,,,,,True
anchor_enumeration,509,510,4487801,4510481,22680,,,,,True
anchor_enumeration,510,511,4510481,4529381,18900,,,,,True
anchor_enumeration,511,512,4529381,4540091,10710,,,,,True
anchor_enumeration,512,513,4540091,4543241,3150,,,,,True
anchor_enumeration,513,514,4543241,4544201,960,,,,,True
anchor_enumeration,514,515,4544201,4561631,17430,,,,,True
anchor_enumeration,515,516,4561631,4575281,13650,,,,,True
anchor_enumeration,516,517,4575281,4579871,4590,,,,,True
anchor_enumeration,517,518,4579871,4596071,16200,,,,,True
anchor_enumeration,518,519,4596071,4606571,10500,,,,,True
anchor_enumeration,519,520,4606571,4609301,2730,,,,,True
anchor_enumeration,520,521,4609301,4615601,6300,,,,,True
anchor_enumeration,521,522,4615601,4627871,12270,,,,,True
anchor_enumeration,522,523,4627871,4635971,8100,,,,,True
anchor_enumeration,523,524,4635971,4647281,11310,,,,,True
anchor_enumeration,524,525,4647281,4660541,13260,,,,,True
anchor_enumeration,525,526,4660541,4675241,14700,,,,,True
anchor_enumeration,526,527,4675241,4693691,18450,,,,,True
anchor_enumeration,527,528,4693691,4706411,12720,,,,,True
anchor_enumeration,528,529,4706411,4707971,1560,,,,,True
anchor_enumeration,529,530,4707971,4734671,26700,,,,,True
anchor_enumeration,530,531,4734671,4740641,5970,,,,,True
anchor_enumeration,531,532,4740641,4743701,3060,,,,,True
anchor_enumeration,532,533,4743701,4796081,52380,,,,,True
anchor_enumeration,533,534,4796081,4809941,13860,,,,,True
anchor_enumeration,534,535,4809941,4832411,22470,,,,,True
anchor_enumeration,535,536,4832411,4833131,720,,,,,True
anchor_enumeration,536,537,4833131,4852451,19320,,,,,True
anchor_enumeration,537,538,4852451,4868651,16200,,,,,True
anchor_enumeration,538,539,4868651,4875251,6600,,,,,True
anchor_enumeration,539,540,4875251,4900451,25200,,,,,True
anchor_enumeration,540,541,4900451,4950131,49680,,,,,True
anchor_enumeration,541,542,4950131,4956821,6690,,,,,True
anchor_enumeration,542,543,4956821,4959041,2220,,,,,True
anchor_enumeration,543,544,4959041,4972061,13020,,,,,True
anchor_enumeration,544,545,4972061,4977431,5370,,,,,True
anchor_enumeration,545,546,4977431,4997381,19950,,,,,True
anchor_enumeration,546,547,4997381,5025071,27690,,,,,True
anchor_enumeration,547,548,5025071,5037911,12840,,,,,True
anchor_enumeration,548,549,5037911,5047121,9210,,,,,True
anchor_enumeration,549,550,5047121,5073371,26250,,,,,True
anchor_enumeration,550,551,5073371,5074871,1500,,,,,True
anchor_enumeration,551,552,5074871,5146481,71610,,,,,True
anchor_enumeration,552,553,5146481,5154761,8280,,,,,True
anchor_enumeration,553,554,5154761,5158031,3270,,,,,True
anchor_enumeration,554,555,5158031,5168921,10890,,,,,True
anchor_enumeration,555,556,5168921,5184791,15870,,,,,True
anchor_enumeration,556,557,5184791,5201291,16500,,,,,True
anchor_enumeration,557,558,5201291,5205461,4170,,,,,True
anchor_enumeration,558,559,5205461,5229401,23940,,,,,True
anchor_enumeration,559,560,5229401,5234681,5280,,,,,True
anchor_enumeration,560,561,5234681,5239181,4500,,,,,True
anchor_enumeration,561,562,5239181,5248091,8910,,,,,True
anchor_enumeration,562,563,5248091,5251781,3690,,,,,True
anchor_enumeration,563,564,5251781,5253761,1980,,,,,True
anchor_enumeration,564,565,5253761,5261741,7980,,,,,True
anchor_enumeration,565,566,5261741,5274161,12420,,,,,True
anchor_enumeration,566,567,5274161,5274671,510,,,,,True
anchor_enumeration,567,568,5274671,5278571,3900,,,,,True
anchor_enumeration,568,569,5278571,5318891,40320,,,,,True
anchor_enumeration,569,570,5318891,5327891,9000,,,,,True
anchor_enumeration,570,571,5327891,5381861,53970,,,,,True
anchor_enumeration,571,572,5381861,5382101,240,,,,,True
anchor_enumeration,572,573,5382101,5417381,35280,,,,,True
anchor_enumeration,573,574,5417381,5425751,8370,,,,,True
anchor_enumeration,574,575,5425751,5436281,10530,,,,,True
anchor_enumeration,575,576,5436281,5450111,13830,,,,,True
anchor_enumeration,576,577,5450111,5461991,11880,,,,,True
anchor_enumeration,577,578,5461991,5465351,3360,,,,,True
anchor_enumeration,578,579,5465351,5484131,18780,,,,,True
anchor_enumeration,579,580,5484131,5499071,14940,,,,,True
anchor_enumeration,580,581,5499071,5527001,27930,,,,,True
anchor_enumeration,581,582,5527001,5610461,83460,,,,,True
anchor_enumeration,582,583,5610461,5614151,3690,,,,,True
anchor_enumeration,583,584,5614151,5651741,37590,,,,,True
anchor_enumeration,584,585,5651741,5675141,23400,,,,,True
anchor_enumeration,585,586,5675141,5698571,23430,,,,,True
anchor_enumeration,586,587,5698571,5732141,33570,,,,,True
anchor_enumeration,587,588,5732141,5733521,1380,,,,,True
anchor_enumeration,588,589,5733521,5734691,1170,,,,,True
anchor_enumeration,589,590,5734691,5760101,25410,,,,,True
anchor_enumeration,590,591,5760101,5774141,14040,,,,,True
anchor_enumeration,591,592,5774141,5805251,31110,,,,,True
anchor_enumeration,592,593,5805251,5839571,34320,,,,,True
anchor_enumeration,593,594,5839571,5841461,1890,,,,,True
anchor_enumeration,594,595,5841461,5851421,9960,,,,,True
anchor_enumeration,595,596,5851421,5860241,8820,,,,,True
anchor_enumeration,596,597,5860241,5892701,32460,,,,,True
anchor_enumeration,597,598,5892701,5908451,15750,,,,,True
anchor_enumeration,598,599,5908451,5922221,13770,,,,,True
anchor_enumeration,599,600,5922221,5928821,6600,,,,,True
anchor_enumeration,600,601,5928821,5930921,2100,,,,,True
anchor_enumeration,601,602,5930921,5937851,6930,,,,,True
anchor_enumeration,602,603,5937851,5938781,930,,,,,True
anchor_enumeration,603,604,5938781,5969651,30870,,,,,True
anchor_enumeration,604,605,5969651,5977331,7680,,,,,True
anchor_enumeration,605,606,5977331,5986031,8700,,,,,True
anchor_enumeration,606,607,5986031,6005891,19860,,,,,True
anchor_enumeration,607,608,6005891,6013151,7260,,,,,True
anchor_enumeration,608,609,6013151,6016091,2940,,,,,True
anchor_enumeration,609,610,6016091,6023651,7560,,,,,True
anchor_enumeration,610,611,6023651,6024041,390,,,,,True
anchor_enumeration,611,612,6024041,6054281,30240,,,,,True
anchor_enumeration,612,613,6054281,6056201,1920,,,,,True
anchor_enumeration,613,614,6056201,6066581,10380,,,,,True
anchor_enumeration,614,615,6066581,6102911,36330,,,,,True
anchor_enumeration,615,616,6102911,6106481,3570,,,,,True
anchor_enumeration,616,617,6106481,6130541,24060,,,,,True
anchor_enumeration,617,618,6130541,6136211,5670,,,,,True
anchor_enumeration,618,619,6136211,6144371,8160,,,,,True
anchor_enumeration,619,620,6144371,6153311,8940,,,,,True
anchor_enumeration,620,621,6153311,6156971,3660,,,,,True
anchor_enumeration,621,622,6156971,6177881,20910,,,,,True
anchor_enumeration,622,623,6177881,6187451,9570,,,,,True
anchor_enumeration,623,624,6187451,6193301,5850,,,,,True
anchor_enumeration,624,625,6193301,6201491,8190,,,,,True
anchor_enumeration,625,626,6201491,6213791,12300,,,,,True
anchor_enumeration,626,627,6213791,6250421,36630,,,,,True
anchor_enumeration,627,628,6250421,6261371,10950,,,,,True
anchor_enumeration,628,629,6261371,6287921,26550,,,,,True
anchor_enumeration,629,630,6287921,6297581,9660,,,,,True
anchor_enumeration,630,631,6297581,6299141,1560,,,,,True
anchor_enumeration,631,632,6299141,6324551,25410,,,,,True
anchor_enumeration,632,633,6324551,6329501,4950,,,,,True
anchor_enumeration,633,634,6329501,6332861,3360,,,,,True
anchor_enumeration,634,635,6332861,6334871,2010,,,,,True
anchor_enumeration,635,636,6334871,6359231,24360,,,,,True
anchor_enumeration,636,637,6359231,6378131,18900,,,,,True
anchor_enumeration,637,638,6378131,6402161,24030,,,,,True
anchor_enumeration,638,639,6402161,6404771,2610,,,,,True
anchor_enumeration,639,640,6404771,6406571,1800,,,,,True
anchor_enumeration,640,641,6406571,6419291,12720,,,,,True
anchor_enumeration,641,642,6419291,6438191,18900,,,,,True
anchor_enumeration,642,643,6438191,6464201,26010,,,,,True
anchor_enumeration,643,644,6464201,6471131,6930,,,,,True
anchor_enumeration,644,645,6471131,6474821,3690,,,,,True
anchor_enumeration,645,646,6474821,6484061,9240,,,,,True
anchor_enumeration,646,647,6484061,6495941,11880,,,,,True
anchor_enumeration,647,648,6495941,6498221,2280,,,,,True
anchor_enumeration,648,649,6498221,6501791,3570,,,,,True
anchor_enumeration,649,650,6501791,6503591,1800,,,,,True
anchor_enumeration,650,651,6503591,6509681,6090,,,,,True
anchor_enumeration,651,652,6509681,6510191,510,,,,,True
anchor_enumeration,652,653,6510191,6512081,1890,,,,,True
anchor_enumeration,653,654,6512081,6528671,16590,,,,,True
anchor_enumeration,654,655,6528671,6556601,27930,,,,,True
anchor_enumeration,655,656,6556601,6561011,4410,,,,,True
anchor_enumeration,656,657,6561011,6578651,17640,,,,,True
anchor_enumeration,657,658,6578651,6582461,3810,,,,,True
anchor_enumeration,658,659,6582461,6595571,13110,,,,,True
anchor_enumeration,659,660,6595571,6600491,4920,,,,,True
anchor_enumeration,660,661,6600491,6601781,1290,,,,,True
anchor_enumeration,661,662,6601781,6602201,420,,,,,True
anchor_enumeration,662,663,6602201,6613331,11130,,,,,True
anchor_enumeration,663,664,6613331,6616781,3450,,,,,True
anchor_enumeration,664,665,6616781,6621281,4500,,,,,True
anchor_enumeration,665,666,6621281,6631901,10620,,,,,True
anchor_enumeration,666,667,6631901,6641351,9450,,,,,True
anchor_enumeration,667,668,6641351,6655541,14190,,,,,True
anchor_enumeration,668,669,6655541,6655631,90,,,,,True
anchor_enumeration,669,670,6655631,6692261,36630,,,,,True
anchor_enumeration,670,671,6692261,6699611,7350,,,,,True
anchor_enumeration,671,672,6699611,6700691,1080,,,,,True
anchor_enumeration,672,673,6700691,6708851,8160,,,,,True
anchor_enumeration,673,674,6708851,6715271,6420,,,,,True
anchor_enumeration,674,675,6715271,6715991,720,,,,,True
anchor_enumeration,675,676,6715991,6727541,11550,,,,,True
anchor_enumeration,676,677,6727541,6735011,7470,,,,,True
anchor_enumeration,677,678,6735011,6740471,5460,,,,,True
anchor_enumeration,678,679,6740471,6753821,13350,,,,,True
anchor_enumeration,679,680,6753821,6758951,5130,,,,,True
anchor_enumeration,680,681,6758951,6760001,1050,,,,,True
anchor_enumeration,681,682,6760001,6787631,27630,,,,,True
anchor_enumeration,682,683,6787631,6796631,9000,,,,,True
anchor_enumeration,683,684,6796631,6843371,46740,,,,,True
anchor_enumeration,684,685,6843371,6880871,37500,,,,,True
anchor_enumeration,685,686,6880871,6884741,3870,,,,,True
anchor_enumeration,686,687,6884741,6900911,16170,,,,,True
anchor_enumeration,687,688,6900911,6915191,14280,,,,,True
anchor_enumeration,688,689,6915191,6918011,2820,,,,,True
anchor_enumeration,689,690,6918011,6918341,330,,,,,True
anchor_enumeration,690,691,6918341,6925151,6810,,,,,True
anchor_enumeration,691,692,6925151,6937961,12810,,,,,True
anchor_enumeration,692,693,6937961,6942491,4530,,,,,True
anchor_enumeration,693,694,6942491,6945551,3060,,,,,True
anchor_enumeration,694,695,6945551,6949331,3780,,,,,True
anchor_enumeration,695,696,6949331,7014611,65280,,,,,True
anchor_enumeration,696,697,7014611,7016741,2130,,,,,True
anchor_enumeration,697,698,7016741,7025651,8910,,,,,True
anchor_enumeration,698,699,7025651,7027451,1800,,,,,True
anchor_enumeration,699,700,7027451,7039841,12390,,,,,True
anchor_enumeration,700,701,7039841,7045691,5850,,,,,True
anchor_enumeration,701,702,7045691,7051391,5700,,,,,True
anchor_enumeration,702,703,7051391,7079711,28320,,,,,True
anchor_enumeration,703,704,7079711,7081181,1470,,,,,True
anchor_enumeration,704,705,7081181,7097801,16620,,,,,True
anchor_enumeration,705,706,7097801,7130861,33060,,,,,True
anchor_enumeration,706,707,7130861,7151141,20280,,,,,True
anchor_enumeration,707,708,7151141,7159511,8370,,,,,True
anchor_enumeration,708,709,7159511,7161851,2340,,,,,True
anchor_enumeration,709,710,7161851,7166141,4290,,,,,True
anchor_enumeration,710,711,7166141,7177061,10920,,,,,True
anchor_enumeration,711,712,7177061,7187771,10710,,,,,True
anchor_enumeration,712,713,7187771,7201631,13860,,,,,True
anchor_enumeration,713,714,7201631,7235951,34320,,,,,True
anchor_enumeration,714,715,7235951,7267451,31500,,,,,True
anchor_enumeration,715,716,7267451,7273991,6540,,,,,True
anchor_enumeration,716,717,7273991,7286681,12690,,,,,True
anchor_enumeration,717,718,7286681,7305371,18690,,,,,True
anchor_enumeration,718,719,7305371,7316291,10920,,,,,True
anchor_enumeration,719,720,7316291,7328771,12480,,,,,True
anchor_enumeration,720,721,7328771,7335941,7170,,,,,True
anchor_enumeration,721,722,7335941,7340231,4290,,,,,True
anchor_enumeration,722,723,7340231,7348631,8400,,,,,True
anchor_enumeration,723,724,7348631,7356071,7440,,,,,True
anchor_enumeration,724,725,7356071,7367021,10950,,,,,True
anchor_enumeration,725,726,7367021,7369331,2310,,,,,True
anchor_enumeration,726,727,7369331,7371641,2310,,,,,True
anchor_enumeration,727,728,7371641,7417511,45870,,,,,True
anchor_enumeration,728,729,7417511,7422221,4710,,,,,True
anchor_enumeration,729,730,7422221,7433051,10830,,,,,True
anchor_enumeration,730,731,7433051,7448471,15420,,,,,True
anchor_enumeration,731,732,7448471,7464551,16080,,,,,True
anchor_enumeration,732,733,7464551,7465481,930,,,,,True
anchor_enumeration,733,734,7465481,7475381,9900,,,,,True
anchor_enumeration,734,735,7475381,7477991,2610,,,,,True
anchor_enumeration,735,736,7477991,7483781,5790,,,,,True
anchor_enumeration,736,737,7483781,7499201,15420,,,,,True
anchor_enumeration,737,738,7499201,7527251,28050,,,,,True
anchor_enumeration,738,739,7527251,7534061,6810,,,,,True
anchor_enumeration,739,740,7534061,7534601,540,,,,,True
anchor_enumeration,740,741,7534601,7537331,2730,,,,,True
anchor_enumeration,741,742,7537331,7540451,3120,,,,,True
anchor_enumeration,742,743,7540451,7541921,1470,,,,,True
anchor_enumeration,743,744,7541921,7545911,3990,,,,,True
anchor_enumeration,744,745,7545911,7580381,34470,,,,,True
anchor_enumeration,745,746,7580381,7583501,3120,,,,,True
anchor_enumeration,746,747,7583501,7599041,15540,,,,,True
anchor_enumeration,747,748,7599041,7610921,11880,,,,,True
anchor_enumeration,748,749,7610921,7641371,30450,,,,,True
anchor_enumeration,749,750,7641371,7645661,4290,,,,,True
anchor_enumeration,750,751,7645661,7659011,13350,,,,,True
anchor_enumeration,751,752,7659011,7669811,10800,,,,,True
anchor_enumeration,752,753,7669811,7681361,11550,,,,,True
anchor_enumeration,753,754,7681361,7701761,20400,,,,,True
anchor_enumeration,754,755,7701761,7703231,1470,,,,,True
anchor_enumeration,755,756,7703231,7734821,31590,,,,,True
anchor_enumeration,756,757,7734821,7754891,20070,,,,,True
anchor_enumeration,757,758,7754891,7774301,19410,,,,,True
anchor_enumeration,758,759,7774301,7802231,27930,,,,,True
anchor_enumeration,759,760,7802231,7806431,4200,,,,,True
anchor_enumeration,760,761,7806431,7813361,6930,,,,,True
anchor_enumeration,761,762,7813361,7814291,930,,,,,True
anchor_enumeration,762,763,7814291,7846541,32250,,,,,True
anchor_enumeration,763,764,7846541,7861031,14490,,,,,True
anchor_enumeration,764,765,7861031,7879841,18810,,,,,True
anchor_enumeration,765,766,7879841,7882871,3030,,,,,True
anchor_enumeration,766,767,7882871,7913231,30360,,,,,True
anchor_enumeration,767,768,7913231,7934651,21420,,,,,True
anchor_enumeration,768,769,7934651,7945031,10380,,,,,True
anchor_enumeration,769,770,7945031,7960151,15120,,,,,True
anchor_enumeration,770,771,7960151,7961951,1800,,,,,True
anchor_enumeration,771,772,7961951,7989461,27510,,,,,True
anchor_enumeration,772,773,7989461,8023661,34200,,,,,True
anchor_enumeration,773,774,8023661,8059061,35400,,,,,True
anchor_enumeration,774,775,8059061,8062001,2940,,,,,True
anchor_enumeration,775,776,8062001,8070911,8910,,,,,True
anchor_enumeration,776,777,8070911,8101781,30870,,,,,True
anchor_enumeration,777,778,8101781,8108531,6750,,,,,True
anchor_enumeration,778,779,8108531,8166071,57540,,,,,True
anchor_enumeration,779,780,8166071,8178251,12180,,,,,True
anchor_enumeration,780,781,8178251,8183891,5640,,,,,True
anchor_enumeration,781,782,8183891,8194931,11040,,,,,True
anchor_enumeration,782,783,8194931,8208911,13980,,,,,True
anchor_enumeration,783,784,8208911,8248061,39150,,,,,True
anchor_enumeration,784,785,8248061,8281571,33510,,,,,True
anchor_enumeration,785,786,8281571,8312411,30840,,,,,True
anchor_enumeration,786,787,8312411,8313911,1500,,,,,True
anchor_enumeration,787,788,8313911,8318411,4500,,,,,True
anchor_enumeration,788,789,8318411,8326601,8190,,,,,True
anchor_enumeration,789,790,8326601,8336591,9990,,,,,True
anchor_enumeration,790,791,8336591,8339621,3030,,,,,True
anchor_enumeration,791,792,8339621,8344151,4530,,,,,True
anchor_enumeration,792,793,8344151,8348531,4380,,,,,True
anchor_enumeration,793,794,8348531,8381531,33000,,,,,True
anchor_enumeration,794,795,8381531,8385101,3570,,,,,True
anchor_enumeration,795,796,8385101,8431061,45960,,,,,True
anchor_enumeration,796,797,8431061,8445971,14910,,,,,True
anchor_enumeration,797,798,8445971,8460581,14610,,,,,True
anchor_enumeration,798,799,8460581,8467631,7050,,,,,True
anchor_enumeration,799,800,8467631,8487371,19740,,,,,True
anchor_enumeration,800,801,8487371,8497031,9660,,,,,True
anchor_enumeration,801,802,8497031,8513171,16140,,,,,True
anchor_enumeration,802,803,8513171,8519471,6300,,,,,True
anchor_enumeration,803,804,8519471,8540501,21030,,,,,True
anchor_enumeration,804,805,8540501,8557721,17220,,,,,True
anchor_enumeration,805,806,8557721,8561801,4080,,,,,True
anchor_enumeration,806,807,8561801,8568401,6600,,,,,True
anchor_enumeration,807,808,8568401,8573441,5040,,,,,True
anchor_enumeration,808,809,8573441,8576591,3150,,,,,True
anchor_enumeration,809,810,8576591,8594681,18090,,,,,True
anchor_enumeration,810,811,8594681,8604641,9960,,,,,True
anchor_enumeration,811,812,8604641,8616911,12270,,,,,True
anchor_enumeration,812,813,8616911,8619431,2520,,,,,True
anchor_enumeration,813,814,8619431,8621861,2430,,,,,True
anchor_enumeration,814,815,8621861,8623031,1170,,,,,True
anchor_enumeration,815,816,8623031,8648831,25800,,,,,True
anchor_enumeration,816,817,8648831,8658101,9270,,,,,True
anchor_enumeration,817,818,8658101,8669621,11520,,,,,True
anchor_enumeration,818,819,8669621,8677391,7770,,,,,True
anchor_enumeration,819,820,8677391,8685371,7980,,,,,True
anchor_enumeration,820,821,8685371,8691581,6210,,,,,True
anchor_enumeration,821,822,8691581,8717741,26160,,,,,True
anchor_enumeration,822,823,8717741,8729051,11310,,,,,True
anchor_enumeration,823,824,8729051,8741141,12090,,,,,True
anchor_enumeration,824,825,8741141,8748581,7440,,,,,True
anchor_enumeration,825,826,8748581,8773151,24570,,,,,True
anchor_enumeration,826,827,8773151,8799611,26460,,,,,True
anchor_enumeration,827,828,8799611,8827541,27930,,,,,True
anchor_enumeration,828,829,8827541,8831981,4440,,,,,True
anchor_enumeration,829,830,8831981,8833241,1260,,,,,True
anchor_enumeration,830,831,8833241,8844371,11130,,,,,True
anchor_enumeration,831,832,8844371,8868521,24150,,,,,True
anchor_enumeration,832,833,8868521,8878271,9750,,,,,True
anchor_enumeration,833,834,8878271,8898311,20040,,,,,True
anchor_enumeration,834,835,8898311,8914181,15870,,,,,True
anchor_enumeration,835,836,8914181,8926451,12270,,,,,True
anchor_enumeration,836,837,8926451,9020981,94530,,,,,True
anchor_enumeration,837,838,9020981,9081461,60480,,,,,True
anchor_enumeration,838,839,9081461,9081881,420,,,,,True
anchor_enumeration,839,840,9081881,9083021,1140,,,,,True
anchor_enumeration,840,841,9083021,9127631,44610,,,,,True
anchor_enumeration,841,842,9127631,9138131,10500,,,,,True
anchor_enumeration,842,843,9138131,9146981,8850,,,,,True
anchor_enumeration,843,844,9146981,9154961,7980,,,,,True
anchor_enumeration,844,845,9154961,9165251,10290,,,,,True
anchor_enumeration,845,846,9165251,9220241,54990,,,,,True
anchor_enumeration,846,847,9220241,9276851,56610,,,,,True
anchor_enumeration,847,848,9276851,9280541,3690,,,,,True
anchor_enumeration,848,849,9280541,9291641,11100,,,,,True
anchor_enumeration,849,850,9291641,9299441,7800,,,,,True
anchor_enumeration,850,851,9299441,9320321,20880,,,,,True
anchor_enumeration,851,852,9320321,9324431,4110,,,,,True
anchor_enumeration,852,853,9324431,9353291,28860,,,,,True
anchor_enumeration,853,854,9353291,9365591,12300,,,,,True
anchor_enumeration,854,855,9365591,9369551,3960,,,,,True
anchor_enumeration,855,856,9369551,9394961,25410,,,,,True
anchor_enumeration,856,857,9394961,9426491,31530,,,,,True
anchor_enumeration,857,858,9426491,9439271,12780,,,,,True
anchor_enumeration,858,859,9439271,9440441,1170,,,,,True
anchor_enumeration,859,860,9440441,9446861,6420,,,,,True
anchor_enumeration,860,861,9446861,9463241,16380,,,,,True
anchor_enumeration,861,862,9463241,9479411,16170,,,,,True
anchor_enumeration,862,863,9479411,9494201,14790,,,,,True
anchor_enumeration,863,864,9494201,9503951,9750,,,,,True
anchor_enumeration,864,865,9503951,9508061,4110,,,,,True
anchor_enumeration,865,866,9508061,9511421,3360,,,,,True
anchor_enumeration,866,867,9511421,9538091,26670,,,,,True
anchor_enumeration,867,868,9538091,9541991,3900,,,,,True
anchor_enumeration,868,869,9541991,9549101,7110,,,,,True
anchor_enumeration,869,870,9549101,9550391,1290,,,,,True
anchor_enumeration,870,871,9550391,9585881,35490,,,,,True
anchor_enumeration,871,872,9585881,9589421,3540,,,,,True
anchor_enumeration,872,873,9589421,9600551,11130,,,,,True
anchor_enumeration,873,874,9600551,9600581,30,,,,,True
anchor_enumeration,874,875,9600581,9617981,17400,,,,,True
anchor_enumeration,875,876,9617981,9627461,9480,,,,,True
anchor_enumeration,876,877,9627461,9640481,13020,,,,,True
anchor_enumeration,877,878,9640481,9721421,80940,,,,,True
anchor_enumeration,878,879,9721421,9723011,1590,,,,,True
anchor_enumeration,879,880,9723011,9725951,2940,,,,,True
anchor_enumeration,880,881,9725951,9733811,7860,,,,,True
anchor_enumeration,881,882,9733811,9739901,6090,,,,,True
anchor_enumeration,882,883,9739901,9743471,3570,,,,,True
anchor_enumeration,883,884,9743471,9744401,930,,,,,True
anchor_enumeration,884,885,9744401,9750071,5670,,,,,True
anchor_enumeration,885,886,9750071,9774461,24390,,,,,True
anchor_enumeration,886,887,9774461,9778031,3570,,,,,True
anchor_enumeration,887,888,9778031,9783881,5850,,,,,True
anchor_enumeration,888,889,9783881,9792701,8820,,,,,True
anchor_enumeration,889,890,9792701,9835751,43050,,,,,True
anchor_enumeration,890,891,9835751,9876101,40350,,,,,True
anchor_enumeration,891,892,9876101,9892031,15930,,,,,True
anchor_enumeration,892,893,9892031,9910751,18720,,,,,True
anchor_enumeration,893,894,9910751,9917051,6300,,,,,True
anchor_enumeration,894,895,9917051,9923981,6930,,,,,True
anchor_enumeration,895,896,9923981,9933611,9630,,,,,True
anchor_enumeration,896,897,9933611,9950201,16590,,,,,True
anchor_enumeration,897,898,9950201,9950531,330,,,,,True
anchor_enumeration,898,899,9950531,9973211,22680,,,,,True
anchor_enumeration,899,900,9973211,10013951,40740,,,,,True
anchor_enumeration,900,901,10013951,10018031,4080,,,,,True
anchor_enumeration,901,902,10018031,10035161,17130,,,,,True
anchor_enumeration,902,903,10035161,10037381,2220,,,,,True
anchor_enumeration,903,904,10037381,10039451,2070,,,,,True
anchor_enumeration,904,905,10039451,10054391,14940,,,,,True
anchor_enumeration,905,906,10054391,10059851,5460,,,,,True
anchor_enumeration,906,907,10059851,10079981,20130,,,,,True
anchor_enumeration,907,908,10079981,10109921,29940,,,,,True
anchor_enumeration,908,909,10109921,10119581,9660,,,,,True
anchor_enumeration,909,910,10119581,10120631,1050,,,,,True
anchor_enumeration,910,911,10120631,10134401,13770,,,,,True
anchor_enumeration,911,912,10134401,10152011,17610,,,,,True
anchor_enumeration,912,913,10152011,10161491,9480,,,,,True
anchor_enumeration,913,914,10161491,10187921,26430,,,,,True
anchor_enumeration,914,915,10187921,10190561,2640,,,,,True
anchor_enumeration,915,916,10190561,10192991,2430,,,,,True
anchor_enumeration,916,917,10192991,10226891,33900,,,,,True
anchor_enumeration,917,918,10226891,10230761,3870,,,,,True
anchor_enumeration,918,919,10230761,10247051,16290,,,,,True
anchor_enumeration,919,920,10247051,10264151,17100,,,,,True
anchor_enumeration,920,921,10264151,10337771,73620,,,,,True
anchor_enumeration,921,922,10337771,10344071,6300,,,,,True
anchor_enumeration,922,923,10344071,10364141,20070,,,,,True
anchor_enumeration,923,924,10364141,10368641,4500,,,,,True
anchor_enumeration,924,925,10368641,10373261,4620,,,,,True
anchor_enumeration,925,926,10373261,10381751,8490,,,,,True
anchor_enumeration,926,927,10381751,10440161,58410,,,,,True
anchor_enumeration,927,928,10440161,10468691,28530,,,,,True
anchor_enumeration,928,929,10468691,10471751,3060,,,,,True
anchor_enumeration,929,930,10471751,10483631,11880,,,,,True
anchor_enumeration,930,931,10483631,10485191,1560,,,,,True
anchor_enumeration,931,932,10485191,10504841,19650,,,,,True
anchor_enumeration,932,933,10504841,10509461,4620,,,,,True
anchor_enumeration,933,934,10509461,10526561,17100,,,,,True
anchor_enumeration,934,935,10526561,10531061,4500,,,,,True
anchor_enumeration,935,936,10531061,10531091,30,,,,,True
anchor_enumeration,936,937,10531091,10544111,13020,,,,,True
anchor_enumeration,937,938,10544111,10547351,3240,,,,,True
anchor_enumeration,938,939,10547351,10606361,59010,,,,,True
anchor_enumeration,939,940,10606361,10615721,9360,,,,,True
anchor_enumeration,940,941,10615721,10627031,11310,,,,,True
anchor_enumeration,941,942,10627031,10629251,2220,,,,,True
anchor_enumeration,942,943,10629251,10641731,12480,,,,,True
anchor_enumeration,943,944,10641731,10676711,34980,,,,,True
anchor_enumeration,944,945,10676711,10728791,52080,,,,,True
anchor_enumeration,945,946,10728791,10739621,10830,,,,,True
anchor_enumeration,946,947,10739621,10758281,18660,,,,,True
anchor_enumeration,947,948,10758281,10759031,750,,,,,True
anchor_enumeration,948,949,10759031,10775951,16920,,,,,True
anchor_enumeration,949,950,10775951,10782041,6090,,,,,True
anchor_enumeration,950,951,10782041,10811231,29190,,,,,True
anchor_enumeration,951,952,10811231,10852601,41370,,,,,True
anchor_enumeration,952,953,10852601,10857851,5250,,,,,True
anchor_enumeration,953,954,10857851,10865291,7440,,,,,True
anchor_enumeration,954,955,10865291,10866131,840,,,,,True
anchor_enumeration,955,956,10866131,10872131,6000,,,,,True
anchor_enumeration,956,957,10872131,10879871,7740,,,,,True
anchor_enumeration,957,958,10879871,10936481,56610,,,,,True
anchor_enumeration,958,959,10936481,10939541,3060,,,,,True
anchor_enumeration,959,960,10939541,10994441,54900,,,,,True
anchor_enumeration,960,961,10994441,11011151,16710,,,,,True
anchor_enumeration,961,962,11011151,11021861,10710,,,,,True
anchor_enumeration,962,963,11021861,11047451,25590,,,,,True
anchor_enumeration,963,964,11047451,11048831,1380,,,,,True
anchor_enumeration,964,965,11048831,11079371,30540,,,,,True
anchor_enumeration,965,966,11079371,11086841,7470,,,,,True
anchor_enumeration,966,967,11086841,11138711,51870,,,,,True
anchor_enumeration,967,968,11138711,11147231,8520,,,,,True
anchor_enumeration,968,969,11147231,11148281,1050,,,,,True
anchor_enumeration,969,970,11148281,11155841,7560,,,,,True
anchor_enumeration,970,971,11155841,11186501,30660,,,,,True
anchor_enumeration,971,972,11186501,11192801,6300,,,,,True
anchor_enumeration,972,973,11192801,11201381,8580,,,,,True
anchor_enumeration,973,974,11201381,11223131,21750,,,,,True
anchor_enumeration,974,975,11223131,11238761,15630,,,,,True
anchor_enumeration,975,976,11238761,11241071,2310,,,,,True
anchor_enumeration,976,977,11241071,11310701,69630,,,,,True
anchor_enumeration,977,978,11310701,11328431,17730,,,,,True
anchor_enumeration,978,979,11328431,11343041,14610,,,,,True
anchor_enumeration,979,980,11343041,11344511,1470,,,,,True
anchor_enumeration,980,981,11344511,11374631,30120,,,,,True
anchor_enumeration,981,982,11374631,11387861,13230,,,,,True
anchor_enumeration,982,983,11387861,11440391,52530,,,,,True
anchor_enumeration,983,984,11440391,11471561,31170,,,,,True
anchor_enumeration,984,985,11471561,11477231,5670,,,,,True
anchor_enumeration,985,986,11477231,11489081,11850,,,,,True
anchor_enumeration,986,987,11489081,11495591,6510,,,,,True
anchor_enumeration,987,988,11495591,11502851,7260,,,,,True
anchor_enumeration,988,989,11502851,11503361,510,,,,,True
anchor_enumeration,989,990,11503361,11529431,26070,,,,,True
anchor_enumeration,990,991,11529431,11533721,4290,,,,,True
anchor_enumeration,991,992,11533721,11554001,20280,,,,,True
anchor_enumeration,992,993,11554001,11584451,30450,,,,,True
anchor_enumeration,993,994,11584451,11622131,37680,,,,,True
anchor_enumeration,994,995,11622131,11644901,22770,,,,,True
anchor_enumeration,995,996,11644901,11652161,7260,,,,,True
anchor_enumeration,996,997,11652161,11664551,12390,,,,,True
anchor_enumeration,997,998,11664551,11680181,15630,,,,,True
anchor_enumeration,998,999,11680181,11718821,38640,,,,,True
anchor_enumeration,999,1000,11718821,11721791,2970,,,,,True
